{"cameraMode":{"drawMode":0,"name":"Shaded","section":"Shading Mode"},"sceneLighting":true,"audioPlay":false,"sceneViewState":{"m_AlwaysRefresh":false,"showFog":true,"showSkybox":true,"showFlares":true,"showImageEffects":true,"showParticleSystems":true,"showVisualEffectGraphs":true,"m_FxEnabled":true},"in2DMode":false,"pivot":{"x":0.7021148204803467,"y":0.45556479692459109,"z":-2.3252806663513185},"rotation":{"x":0.17116209864616395,"y":-0.5582769513130188,"z":0.11899251490831375,"w":0.803040087223053},"size":3.6770095825195314,"orthographic":true}